vs_gk_1,training
vs_gk_2,training
vs_gk_3,training
vs_gk_4,training
vs_gk_5,training
vs_gk_6,training
vs_gk_7,training
vs_gk_8,training
vs_gk_9,training
vs_gk_10,training
vs_gk_11,training
vs_gk_12,training
vs_gk_13,training
vs_gk_14,training
vs_gk_15,training
vs_gk_16,training
vs_gk_17,training
vs_gk_18,training
vs_gk_19,training
vs_gk_20,training
vs_gk_21,training
vs_gk_22,training
vs_gk_23,training
vs_gk_24,training
vs_gk_25,training
vs_gk_26,training
vs_gk_27,training
vs_gk_28,training
vs_gk_29,training
vs_gk_30,training
vs_gk_31,training
vs_gk_32,training
vs_gk_33,training
vs_gk_34,training
vs_gk_35,training
vs_gk_36,training
vs_gk_37,training
vs_gk_38,training
vs_gk_40,training
vs_gk_41,training
vs_gk_42,training
vs_gk_43,training
vs_gk_44,training
vs_gk_45,training
vs_gk_46,training
vs_gk_47,training
vs_gk_48,training
vs_gk_49,training
vs_gk_50,training
vs_gk_51,training
vs_gk_52,training
vs_gk_53,training
vs_gk_54,training
vs_gk_55,training
vs_gk_56,training
vs_gk_57,training
vs_gk_58,training
vs_gk_59,training
vs_gk_60,training
vs_gk_61,training
vs_gk_62,training
vs_gk_63,training
vs_gk_64,training
vs_gk_65,training
vs_gk_66,training
vs_gk_67,training
vs_gk_68,training
vs_gk_69,training
vs_gk_70,training
vs_gk_71,training
vs_gk_72,training
vs_gk_73,training
vs_gk_74,training
vs_gk_75,training
vs_gk_76,training
vs_gk_77,training
vs_gk_78,training
vs_gk_79,training
vs_gk_80,training
vs_gk_81,training
vs_gk_82,training
vs_gk_83,training
vs_gk_84,training
vs_gk_85,training
vs_gk_86,training
vs_gk_87,training
vs_gk_88,training
vs_gk_89,training
vs_gk_90,training
vs_gk_91,training
vs_gk_92,training
vs_gk_93,training
vs_gk_94,training
vs_gk_95,training
vs_gk_96,training
vs_gk_98,training
vs_gk_99,training
vs_gk_100,training
vs_gk_101,training
vs_gk_102,training
vs_gk_103,training
vs_gk_104,training
vs_gk_105,training
vs_gk_106,training
vs_gk_107,training
vs_gk_108,training
vs_gk_109,training
vs_gk_110,training
vs_gk_111,training
vs_gk_112,training
vs_gk_113,training
vs_gk_114,training
vs_gk_115,training
vs_gk_116,training
vs_gk_117,training
vs_gk_118,training
vs_gk_119,training
vs_gk_120,training
vs_gk_121,training
vs_gk_122,training
vs_gk_123,training
vs_gk_124,training
vs_gk_125,training
vs_gk_126,training
vs_gk_127,training
vs_gk_128,training
vs_gk_129,training
vs_gk_131,training
vs_gk_132,training
vs_gk_133,training
vs_gk_134,training
vs_gk_135,training
vs_gk_136,training
vs_gk_137,training
vs_gk_138,training
vs_gk_139,training
vs_gk_140,training
vs_gk_141,training
vs_gk_142,training
vs_gk_143,training
vs_gk_144,training
vs_gk_145,training
vs_gk_146,training
vs_gk_147,training
vs_gk_148,training
vs_gk_149,training
vs_gk_150,training
vs_gk_151,training
vs_gk_152,training
vs_gk_153,training
vs_gk_154,training
vs_gk_155,training
vs_gk_156,training
vs_gk_157,training
vs_gk_158,training
vs_gk_159,training
vs_gk_161,training
vs_gk_162,training
vs_gk_163,training
vs_gk_164,training
vs_gk_165,training
vs_gk_166,training
vs_gk_167,training
vs_gk_169,training
vs_gk_170,training
vs_gk_171,training
vs_gk_172,training
vs_gk_173,training
vs_gk_174,training
vs_gk_175,training
vs_gk_176,training
vs_gk_177,training
vs_gk_178,training
vs_gk_179,training
vs_gk_180,training
vs_gk_181,training
vs_gk_182,validation
vs_gk_183,validation
vs_gk_184,validation
vs_gk_185,validation
vs_gk_186,validation
vs_gk_187,validation
vs_gk_188,validation
vs_gk_189,validation
vs_gk_190,validation
vs_gk_191,validation
vs_gk_192,validation
vs_gk_193,validation
vs_gk_194,validation
vs_gk_195,validation
vs_gk_196,validation
vs_gk_197,validation
vs_gk_198,validation
vs_gk_199,validation
vs_gk_200,validation
vs_gk_201,validation
vs_gk_202,test
vs_gk_203,test
vs_gk_204,test
vs_gk_205,test
vs_gk_206,test
vs_gk_207,test
vs_gk_209,test
vs_gk_210,test
vs_gk_211,test
vs_gk_212,test
vs_gk_213,test
vs_gk_214,test
vs_gk_215,test
vs_gk_216,test
vs_gk_217,test
vs_gk_218,test
vs_gk_220,test
vs_gk_221,test
vs_gk_222,test
vs_gk_223,test
vs_gk_224,test
vs_gk_225,test
vs_gk_226,test
vs_gk_228,test
vs_gk_229,test
vs_gk_230,test
vs_gk_231,test
vs_gk_232,test
vs_gk_233,test
vs_gk_234,test
vs_gk_235,test
vs_gk_236,test
vs_gk_237,test
vs_gk_238,test
vs_gk_239,test
vs_gk_240,test
vs_gk_241,test
vs_gk_242,test
vs_gk_243,test
vs_gk_244,test
vs_gk_245,test
vs_gk_246,test
vs_gk_247,test
vs_gk_248,test
vs_gk_249,test
vs_gk_250,test
